<?xml version="1.1" encoding="UTF-8" ?>
<extension type="package" version="1.6" method="upgrade">
 <name>Whistleblower Package</name>
 <author>Akratech - Ankit Chaudhary</author>
 <version>2.0.0</version>
 <copyright>Copyright Whistleblower 2021-2022</copyright>
 <license>GNU/GPLv3 http://www.gnu.org/licenses/gpl-3.0.html</license>
 <creationDate>DEC 2021</creationDate>
 <authorEmail>ankit@akratech.com</authorEmail>
 <authorUrl>https://moreaboutme.in/ankit</authorUrl>
 <url>https://whistleblower-service.com</url>
 <packagename>whistleblower</packagename>
 <packager>Whistleblower - Akratech Ankit Chaudhary</packager>
 <packagerurl>https://whistleblower-service.com/download-ext/joomla</packagerurl>
 <description>Package contains module and component for creating new case and search for existing case.</description>
 <update>https://whistleblower-service.com/download-ext/joomla/updates.php?token=jleb6srnu7pbgi4pdhbb1dbakbnduhdnbxuseoasuus5l5uiib</update>
 <updateservers>
    <server type="extension" priority="2" name="Whistleblower Updates">https://whistleblower-service.com/extension/joomla/updates/package_whistleblower.xml</server>
 </updateservers>
 <!-- <scriptfile>pkg_script.php</scriptfile> -->
 <files folder="packages">
   <file type="component" id="com_whistleblower">com_whistleblower.zip</file>
   <file type="module" id="mod_whistleblower" client="site">mod_whistleblower.zip</file>
 </files>
</extension>